segment,addr,name,note
1,0x0014,seg01_CODE1_0014,jump-table export 000; CODE 0 routine offset 0x0010
1,0x02A8,seg01_CODE1_02A8,jump-table export 001; CODE 0 routine offset 0x02A4
1,0x02BC,seg01_CODE1_02BC,jump-table export 002; CODE 0 routine offset 0x02B8
1,0x02D0,seg01_CODE1_02D0,jump-table export 003; CODE 0 routine offset 0x02CC
1,0x02EC,seg01_CODE1_02EC,jump-table export 004; CODE 0 routine offset 0x02E8
1,0x0322,seg01_CODE1_0322,jump-table export 005; CODE 0 routine offset 0x031E
1,0x0342,seg01_CODE1_0342,jump-table export 006; CODE 0 routine offset 0x033E
1,0x0364,seg01_CODE1_0364,jump-table export 007; CODE 0 routine offset 0x0360
1,0x0384,seg01_CODE1_0384,jump-table export 008; CODE 0 routine offset 0x0380
1,0x04AA,seg01_CODE1_04AA,jump-table export 009; CODE 0 routine offset 0x04A6
3,0x080E,seg03_Core_080E,jump-table export 010; CODE 0 routine offset 0x080A
3,0x0872,seg03_Core_0872,jump-table export 011; CODE 0 routine offset 0x086E
3,0x088C,seg03_Core_088C,jump-table export 012; CODE 0 routine offset 0x0888
3,0x08A4,seg03_Core_08A4,jump-table export 013; CODE 0 routine offset 0x08A0
3,0x05C2,seg03_Core_05C2,jump-table export 014; CODE 0 routine offset 0x05BE
3,0x3A30,seg03_Core_3A30,jump-table export 015; CODE 0 routine offset 0x3A2C
3,0x2624,seg03_Core_2624,jump-table export 016; CODE 0 routine offset 0x2620
3,0x27A6,seg03_Core_27A6,jump-table export 017; CODE 0 routine offset 0x27A2
3,0x2D1E,seg03_Core_2D1E,jump-table export 018; CODE 0 routine offset 0x2D1A
3,0x2D3E,seg03_Core_2D3E,jump-table export 019; CODE 0 routine offset 0x2D3A
3,0x31F0,seg03_Core_31F0,jump-table export 020; CODE 0 routine offset 0x31EC
3,0x329A,seg03_Core_329A,jump-table export 021; CODE 0 routine offset 0x3296
3,0x33CE,seg03_Core_33CE,jump-table export 022; CODE 0 routine offset 0x33CA
3,0x3698,seg03_Core_3698,jump-table export 023; CODE 0 routine offset 0x3694
3,0x3180,seg03_Core_3180,jump-table export 024; CODE 0 routine offset 0x317C
3,0x29B0,seg03_Core_29B0,jump-table export 025; CODE 0 routine offset 0x29AC
3,0x3586,seg03_Core_3586,jump-table export 026; CODE 0 routine offset 0x3582
3,0x35C6,seg03_Core_35C6,jump-table export 027; CODE 0 routine offset 0x35C2
3,0x3796,seg03_Core_3796,jump-table export 028; CODE 0 routine offset 0x3792
3,0x18D4,seg03_Core_18D4,jump-table export 029; CODE 0 routine offset 0x18D0
3,0x1BA8,seg03_Core_1BA8,jump-table export 030; CODE 0 routine offset 0x1BA4
3,0x1DA0,seg03_Core_1DA0,jump-table export 031; CODE 0 routine offset 0x1D9C
3,0x1DE4,seg03_Core_1DE4,jump-table export 032; CODE 0 routine offset 0x1DE0
3,0x1E24,seg03_Core_1E24,jump-table export 033; CODE 0 routine offset 0x1E20
3,0x0BF0,seg03_Core_0BF0,jump-table export 034; CODE 0 routine offset 0x0BEC
3,0x3D18,seg03_Core_3D18,jump-table export 035; CODE 0 routine offset 0x3D14
3,0x3F26,seg03_Core_3F26,jump-table export 036; CODE 0 routine offset 0x3F22
3,0x3F34,seg03_Core_3F34,jump-table export 037; CODE 0 routine offset 0x3F30
3,0x3F48,seg03_Core_3F48,jump-table export 038; CODE 0 routine offset 0x3F44
3,0x3FFC,seg03_Core_3FFC,jump-table export 039; CODE 0 routine offset 0x3FF8
3,0x4032,seg03_Core_4032,jump-table export 040; CODE 0 routine offset 0x402E
3,0x4054,seg03_Core_4054,jump-table export 041; CODE 0 routine offset 0x4050
3,0x4074,seg03_Core_4074,jump-table export 042; CODE 0 routine offset 0x4070
3,0x40D4,seg03_Core_40D4,jump-table export 043; CODE 0 routine offset 0x40D0
3,0x413A,seg03_Core_413A,jump-table export 044; CODE 0 routine offset 0x4136
3,0x41B2,seg03_Core_41B2,jump-table export 045; CODE 0 routine offset 0x41AE
3,0x41B8,seg03_Core_41B8,jump-table export 046; CODE 0 routine offset 0x41B4
3,0x41CC,seg03_Core_41CC,jump-table export 047; CODE 0 routine offset 0x41C8
3,0x41DE,seg03_Core_41DE,jump-table export 048; CODE 0 routine offset 0x41DA
3,0x41F8,seg03_Core_41F8,jump-table export 049; CODE 0 routine offset 0x41F4
3,0x4214,seg03_Core_4214,jump-table export 050; CODE 0 routine offset 0x4210
3,0x4222,seg03_Core_4222,jump-table export 051; CODE 0 routine offset 0x421E
3,0x421C,seg03_Core_421C,jump-table export 052; CODE 0 routine offset 0x4218
3,0x4246,seg03_Core_4246,jump-table export 053; CODE 0 routine offset 0x4242
3,0x429C,seg03_Core_429C,jump-table export 054; CODE 0 routine offset 0x4298
3,0x3BAE,seg03_Core_3BAE,jump-table export 055; CODE 0 routine offset 0x3BAA
3,0x3B94,seg03_Core_3B94,jump-table export 056; CODE 0 routine offset 0x3B90
3,0x3B78,seg03_Core_3B78,jump-table export 057; CODE 0 routine offset 0x3B74
3,0x4308,seg03_Core_4308,jump-table export 058; CODE 0 routine offset 0x4304
3,0x45CC,seg03_Core_45CC,jump-table export 059; CODE 0 routine offset 0x45C8
3,0x461E,seg03_Core_461E,jump-table export 060; CODE 0 routine offset 0x461A
3,0x46A8,seg03_Core_46A8,jump-table export 061; CODE 0 routine offset 0x46A4
3,0x47EE,seg03_Core_47EE,jump-table export 062; CODE 0 routine offset 0x47EA
3,0x4978,seg03_Core_4978,jump-table export 063; CODE 0 routine offset 0x4974
3,0x4994,seg03_Core_4994,jump-table export 064; CODE 0 routine offset 0x4990
3,0x49B2,seg03_Core_49B2,jump-table export 065; CODE 0 routine offset 0x49AE
3,0x4A26,seg03_Core_4A26,jump-table export 066; CODE 0 routine offset 0x4A22
3,0x4AB8,seg03_Core_4AB8,jump-table export 067; CODE 0 routine offset 0x4AB4
3,0x4924,seg03_Core_4924,jump-table export 068; CODE 0 routine offset 0x4920
3,0x03E4,seg03_Core_03E4,jump-table export 069; CODE 0 routine offset 0x03E0
11,0x0768,seg11_Misc3_0768,jump-table export 070; CODE 0 routine offset 0x0764
11,0x092C,seg11_Misc3_092C,jump-table export 071; CODE 0 routine offset 0x0928
11,0x0938,seg11_Misc3_0938,jump-table export 072; CODE 0 routine offset 0x0934
11,0x09D8,seg11_Misc3_09D8,jump-table export 073; CODE 0 routine offset 0x09D4
11,0x10CA,seg11_Misc3_10CA,jump-table export 074; CODE 0 routine offset 0x10C6
11,0x10A4,seg11_Misc3_10A4,jump-table export 075; CODE 0 routine offset 0x10A0
11,0x0EA0,seg11_Misc3_0EA0,jump-table export 076; CODE 0 routine offset 0x0E9C
11,0x18DA,seg11_Misc3_18DA,jump-table export 077; CODE 0 routine offset 0x18D6
11,0x193A,seg11_Misc3_193A,jump-table export 078; CODE 0 routine offset 0x1936
11,0x1958,seg11_Misc3_1958,jump-table export 079; CODE 0 routine offset 0x1954
11,0x292A,seg11_Misc3_292A,jump-table export 080; CODE 0 routine offset 0x2926
11,0x2934,seg11_Misc3_2934,jump-table export 081; CODE 0 routine offset 0x2930
11,0x2CA6,seg11_Misc3_2CA6,jump-table export 082; CODE 0 routine offset 0x2CA2
11,0x2C74,seg11_Misc3_2C74,jump-table export 083; CODE 0 routine offset 0x2C70
11,0x2C4A,seg11_Misc3_2C4A,jump-table export 084; CODE 0 routine offset 0x2C46
11,0x2B3E,seg11_Misc3_2B3E,jump-table export 085; CODE 0 routine offset 0x2B3A
11,0x2A10,seg11_Misc3_2A10,jump-table export 086; CODE 0 routine offset 0x2A0C
11,0x2A20,seg11_Misc3_2A20,jump-table export 087; CODE 0 routine offset 0x2A1C
11,0x2A36,seg11_Misc3_2A36,jump-table export 088; CODE 0 routine offset 0x2A32
11,0x2A54,seg11_Misc3_2A54,jump-table export 089; CODE 0 routine offset 0x2A50
11,0x2AD4,seg11_Misc3_2AD4,jump-table export 090; CODE 0 routine offset 0x2AD0
11,0x2B30,seg11_Misc3_2B30,jump-table export 091; CODE 0 routine offset 0x2B2C
11,0x069E,seg11_Misc3_069E,jump-table export 092; CODE 0 routine offset 0x069A
11,0x04DC,seg11_Misc3_04DC,jump-table export 093; CODE 0 routine offset 0x04D8
11,0x0598,seg11_Misc3_0598,jump-table export 094; CODE 0 routine offset 0x0594
11,0x00FC,seg11_Misc3_00FC,jump-table export 095; CODE 0 routine offset 0x00F8
11,0x01C6,seg11_Misc3_01C6,jump-table export 096; CODE 0 routine offset 0x01C2
11,0x022A,seg11_Misc3_022A,jump-table export 097; CODE 0 routine offset 0x0226
11,0x0288,seg11_Misc3_0288,jump-table export 098; CODE 0 routine offset 0x0284
11,0x02B0,seg11_Misc3_02B0,jump-table export 099; CODE 0 routine offset 0x02AC
13,0x1D44,seg13_Dan2_1D44,jump-table export 100; CODE 0 routine offset 0x1D40
13,0x2D16,seg13_Dan2_2D16,jump-table export 101; CODE 0 routine offset 0x2D12
13,0x2E0E,seg13_Dan2_2E0E,jump-table export 102; CODE 0 routine offset 0x2E0A
13,0x2FA8,seg13_Dan2_2FA8,jump-table export 103; CODE 0 routine offset 0x2FA4
13,0x3932,seg13_Dan2_3932,jump-table export 104; CODE 0 routine offset 0x392E
13,0x3D08,seg13_Dan2_3D08,jump-table export 105; CODE 0 routine offset 0x3D04
13,0x3148,seg13_Dan2_3148,jump-table export 106; CODE 0 routine offset 0x3144
13,0x30A6,seg13_Dan2_30A6,jump-table export 107; CODE 0 routine offset 0x30A2
13,0x21D8,seg13_Dan2_21D8,jump-table export 108; CODE 0 routine offset 0x21D4
13,0x2BCA,seg13_Dan2_2BCA,jump-table export 109; CODE 0 routine offset 0x2BC6
13,0x2664,seg13_Dan2_2664,jump-table export 110; CODE 0 routine offset 0x2660
13,0x2CAC,seg13_Dan2_2CAC,jump-table export 111; CODE 0 routine offset 0x2CA8
13,0x23A2,seg13_Dan2_23A2,jump-table export 112; CODE 0 routine offset 0x239E
13,0x2226,seg13_Dan2_2226,jump-table export 113; CODE 0 routine offset 0x2222
13,0x1B96,seg13_Dan2_1B96,jump-table export 114; CODE 0 routine offset 0x1B92
13,0x1B04,seg13_Dan2_1B04,jump-table export 115; CODE 0 routine offset 0x1B00
13,0x1A98,seg13_Dan2_1A98,jump-table export 116; CODE 0 routine offset 0x1A94
13,0x19EE,seg13_Dan2_19EE,jump-table export 117; CODE 0 routine offset 0x19EA
13,0x1BE2,seg13_Dan2_1BE2,jump-table export 118; CODE 0 routine offset 0x1BDE
13,0x1CD4,seg13_Dan2_1CD4,jump-table export 119; CODE 0 routine offset 0x1CD0
13,0x1B22,seg13_Dan2_1B22,jump-table export 120; CODE 0 routine offset 0x1B1E
13,0x1D06,seg13_Dan2_1D06,jump-table export 121; CODE 0 routine offset 0x1D02
13,0x1B82,seg13_Dan2_1B82,jump-table export 122; CODE 0 routine offset 0x1B7E
13,0x0798,seg13_Dan2_0798,jump-table export 123; CODE 0 routine offset 0x0794
13,0x07AC,seg13_Dan2_07AC,jump-table export 124; CODE 0 routine offset 0x07A8
13,0x162A,seg13_Dan2_162A,jump-table export 125; CODE 0 routine offset 0x1626
13,0x1666,seg13_Dan2_1666,jump-table export 126; CODE 0 routine offset 0x1662
13,0x00CA,seg13_Dan2_00CA,jump-table export 127; CODE 0 routine offset 0x00C6
13,0x00E8,seg13_Dan2_00E8,jump-table export 128; CODE 0 routine offset 0x00E4
13,0x0D7C,seg13_Dan2_0D7C,jump-table export 129; CODE 0 routine offset 0x0D78
13,0x1104,seg13_Dan2_1104,jump-table export 130; CODE 0 routine offset 0x1100
13,0x10D2,seg13_Dan2_10D2,jump-table export 131; CODE 0 routine offset 0x10CE
13,0x178E,seg13_Dan2_178E,jump-table export 132; CODE 0 routine offset 0x178A
13,0x0B84,seg13_Dan2_0B84,jump-table export 133; CODE 0 routine offset 0x0B80
13,0x03B6,seg13_Dan2_03B6,jump-table export 134; CODE 0 routine offset 0x03B2
13,0x081A,seg13_Dan2_081A,jump-table export 135; CODE 0 routine offset 0x0816
13,0x0108,seg13_Dan2_0108,jump-table export 136; CODE 0 routine offset 0x0104
13,0x0AAA,seg13_Dan2_0AAA,jump-table export 137; CODE 0 routine offset 0x0AA6
13,0x1030,seg13_Dan2_1030,jump-table export 138; CODE 0 routine offset 0x102C
13,0x132C,seg13_Dan2_132C,jump-table export 139; CODE 0 routine offset 0x1328
13,0x0C9A,seg13_Dan2_0C9A,jump-table export 140; CODE 0 routine offset 0x0C96
13,0x16E8,seg13_Dan2_16E8,jump-table export 141; CODE 0 routine offset 0x16E4
13,0x168C,seg13_Dan2_168C,jump-table export 142; CODE 0 routine offset 0x1688
13,0x0960,seg13_Dan2_0960,jump-table export 143; CODE 0 routine offset 0x095C
12,0x00B0,seg12_Dan1_00B0,jump-table export 144; CODE 0 routine offset 0x00AC
12,0x0024,seg12_Dan1_0024,jump-table export 145; CODE 0 routine offset 0x0020
12,0x026A,seg12_Dan1_026A,jump-table export 146; CODE 0 routine offset 0x0266
12,0x0240,seg12_Dan1_0240,jump-table export 147; CODE 0 routine offset 0x023C
12,0x0004,seg12_Dan1_0004,jump-table export 148; CODE 0 routine offset 0x0000
12,0x04A8,seg12_Dan1_04A8,jump-table export 149; CODE 0 routine offset 0x04A4
12,0x1336,seg12_Dan1_1336,jump-table export 150; CODE 0 routine offset 0x1332
12,0x1404,seg12_Dan1_1404,jump-table export 151; CODE 0 routine offset 0x1400
12,0x165E,seg12_Dan1_165E,jump-table export 152; CODE 0 routine offset 0x165A
12,0x2182,seg12_Dan1_2182,jump-table export 153; CODE 0 routine offset 0x217E
12,0x21F4,seg12_Dan1_21F4,jump-table export 154; CODE 0 routine offset 0x21F0
12,0x220A,seg12_Dan1_220A,jump-table export 155; CODE 0 routine offset 0x2206
12,0x22C0,seg12_Dan1_22C0,jump-table export 156; CODE 0 routine offset 0x22BC
12,0x22EA,seg12_Dan1_22EA,jump-table export 157; CODE 0 routine offset 0x22E6
12,0x347E,seg12_Dan1_347E,jump-table export 158; CODE 0 routine offset 0x347A
12,0x33EC,seg12_Dan1_33EC,jump-table export 159; CODE 0 routine offset 0x33E8
12,0x3E9C,seg12_Dan1_3E9C,jump-table export 160; CODE 0 routine offset 0x3E98
12,0x41DC,seg12_Dan1_41DC,jump-table export 161; CODE 0 routine offset 0x41D8
12,0x3F02,seg12_Dan1_3F02,jump-table export 162; CODE 0 routine offset 0x3EFE
12,0x4A20,seg12_Dan1_4A20,jump-table export 163; CODE 0 routine offset 0x4A1C
12,0x3B3E,seg12_Dan1_3B3E,jump-table export 164; CODE 0 routine offset 0x3B3A
12,0x4D28,seg12_Dan1_4D28,jump-table export 165; CODE 0 routine offset 0x4D24
12,0x581C,seg12_Dan1_581C,jump-table export 166; CODE 0 routine offset 0x5818
12,0x6198,seg12_Dan1_6198,jump-table export 167; CODE 0 routine offset 0x6194
12,0x61C8,seg12_Dan1_61C8,jump-table export 168; CODE 0 routine offset 0x61C4
12,0x61F8,seg12_Dan1_61F8,jump-table export 169; CODE 0 routine offset 0x61F4
12,0x620E,seg12_Dan1_620E,jump-table export 170; CODE 0 routine offset 0x620A
12,0x6234,seg12_Dan1_6234,jump-table export 171; CODE 0 routine offset 0x6230
12,0x6258,seg12_Dan1_6258,jump-table export 172; CODE 0 routine offset 0x6254
12,0x626C,seg12_Dan1_626C,jump-table export 173; CODE 0 routine offset 0x6268
12,0x62C8,seg12_Dan1_62C8,jump-table export 174; CODE 0 routine offset 0x62C4
4,0x0DC8,seg04_Dark_0DC8,jump-table export 175; CODE 0 routine offset 0x0DC4
4,0x1B12,seg04_Dark_1B12,jump-table export 176; CODE 0 routine offset 0x1B0E
4,0x1B7A,seg04_Dark_1B7A,jump-table export 177; CODE 0 routine offset 0x1B76
4,0x1CC0,seg04_Dark_1CC0,jump-table export 178; CODE 0 routine offset 0x1CBC
4,0x1D0C,seg04_Dark_1D0C,jump-table export 179; CODE 0 routine offset 0x1D08
4,0x1FCC,seg04_Dark_1FCC,jump-table export 180; CODE 0 routine offset 0x1FC8
4,0x205E,seg04_Dark_205E,jump-table export 181; CODE 0 routine offset 0x205A
4,0x2146,seg04_Dark_2146,jump-table export 182; CODE 0 routine offset 0x2142
4,0x23BE,seg04_Dark_23BE,jump-table export 183; CODE 0 routine offset 0x23BA
4,0x25D8,seg04_Dark_25D8,jump-table export 184; CODE 0 routine offset 0x25D4
4,0x3038,seg04_Dark_3038,jump-table export 185; CODE 0 routine offset 0x3034
4,0x3568,seg04_Dark_3568,jump-table export 186; CODE 0 routine offset 0x3564
4,0x3694,seg04_Dark_3694,jump-table export 187; CODE 0 routine offset 0x3690
4,0x38C4,seg04_Dark_38C4,jump-table export 188; CODE 0 routine offset 0x38C0
4,0x390E,seg04_Dark_390E,jump-table export 189; CODE 0 routine offset 0x390A
4,0x41EE,seg04_Dark_41EE,jump-table export 190; CODE 0 routine offset 0x41EA
4,0x4200,seg04_Dark_4200,jump-table export 191; CODE 0 routine offset 0x41FC
4,0x4216,seg04_Dark_4216,jump-table export 192; CODE 0 routine offset 0x4212
4,0x4236,seg04_Dark_4236,jump-table export 193; CODE 0 routine offset 0x4232
4,0x4272,seg04_Dark_4272,jump-table export 194; CODE 0 routine offset 0x426E
4,0x4284,seg04_Dark_4284,jump-table export 195; CODE 0 routine offset 0x4280
4,0x4262,seg04_Dark_4262,jump-table export 196; CODE 0 routine offset 0x425E
4,0x4298,seg04_Dark_4298,jump-table export 197; CODE 0 routine offset 0x4294
4,0x42DE,seg04_Dark_42DE,jump-table export 198; CODE 0 routine offset 0x42DA
4,0x4442,seg04_Dark_4442,jump-table export 199; CODE 0 routine offset 0x443E
4,0x4450,seg04_Dark_4450,jump-table export 200; CODE 0 routine offset 0x444C
4,0x44A8,seg04_Dark_44A8,jump-table export 201; CODE 0 routine offset 0x44A4
4,0x4662,seg04_Dark_4662,jump-table export 202; CODE 0 routine offset 0x465E
4,0x45F8,seg04_Dark_45F8,jump-table export 203; CODE 0 routine offset 0x45F4
4,0x458E,seg04_Dark_458E,jump-table export 204; CODE 0 routine offset 0x458A
4,0x4692,seg04_Dark_4692,jump-table export 205; CODE 0 routine offset 0x468E
4,0x46D4,seg04_Dark_46D4,jump-table export 206; CODE 0 routine offset 0x46D0
4,0x4758,seg04_Dark_4758,jump-table export 207; CODE 0 routine offset 0x4754
4,0x479A,seg04_Dark_479A,jump-table export 208; CODE 0 routine offset 0x4796
4,0x47F0,seg04_Dark_47F0,jump-table export 209; CODE 0 routine offset 0x47EC
4,0x481C,seg04_Dark_481C,jump-table export 210; CODE 0 routine offset 0x4818
4,0x4830,seg04_Dark_4830,jump-table export 211; CODE 0 routine offset 0x482C
4,0x487C,seg04_Dark_487C,jump-table export 212; CODE 0 routine offset 0x4878
4,0x49D4,seg04_Dark_49D4,jump-table export 213; CODE 0 routine offset 0x49D0
4,0x48D6,seg04_Dark_48D6,jump-table export 214; CODE 0 routine offset 0x48D2
4,0x4BD2,seg04_Dark_4BD2,jump-table export 215; CODE 0 routine offset 0x4BCE
4,0x4BE8,seg04_Dark_4BE8,jump-table export 216; CODE 0 routine offset 0x4BE4
4,0x4C12,seg04_Dark_4C12,jump-table export 217; CODE 0 routine offset 0x4C0E
4,0x4C58,seg04_Dark_4C58,jump-table export 218; CODE 0 routine offset 0x4C54
4,0x4A18,seg04_Dark_4A18,jump-table export 219; CODE 0 routine offset 0x4A14
4,0x4DDA,seg04_Dark_4DDA,jump-table export 220; CODE 0 routine offset 0x4DD6
4,0x4FA8,seg04_Dark_4FA8,jump-table export 221; CODE 0 routine offset 0x4FA4
4,0x53F2,seg04_Dark_53F2,jump-table export 222; CODE 0 routine offset 0x53EE
4,0x50E4,seg04_Dark_50E4,jump-table export 223; CODE 0 routine offset 0x50E0
4,0x5104,seg04_Dark_5104,jump-table export 224; CODE 0 routine offset 0x5100
4,0x511C,seg04_Dark_511C,jump-table export 225; CODE 0 routine offset 0x5118
4,0x51FE,seg04_Dark_51FE,jump-table export 226; CODE 0 routine offset 0x51FA
4,0x553C,seg04_Dark_553C,jump-table export 227; CODE 0 routine offset 0x5538
4,0x5D66,seg04_Dark_5D66,jump-table export 228; CODE 0 routine offset 0x5D62
4,0x6974,seg04_Dark_6974,jump-table export 229; CODE 0 routine offset 0x6970
4,0x6A14,seg04_Dark_6A14,jump-table export 230; CODE 0 routine offset 0x6A10
4,0x6A38,seg04_Dark_6A38,jump-table export 231; CODE 0 routine offset 0x6A34
4,0x6ACC,seg04_Dark_6ACC,jump-table export 232; CODE 0 routine offset 0x6AC8
4,0x66D2,seg04_Dark_66D2,jump-table export 233; CODE 0 routine offset 0x66CE
4,0x65B6,seg04_Dark_65B6,jump-table export 234; CODE 0 routine offset 0x65B2
4,0x660A,seg04_Dark_660A,jump-table export 235; CODE 0 routine offset 0x6606
4,0x6686,seg04_Dark_6686,jump-table export 236; CODE 0 routine offset 0x6682
4,0x5DF2,seg04_Dark_5DF2,jump-table export 237; CODE 0 routine offset 0x5DEE
4,0x6928,seg04_Dark_6928,jump-table export 238; CODE 0 routine offset 0x6924
4,0x670A,seg04_Dark_670A,jump-table export 239; CODE 0 routine offset 0x6706
4,0x6780,seg04_Dark_6780,jump-table export 240; CODE 0 routine offset 0x677C
4,0x674A,seg04_Dark_674A,jump-table export 241; CODE 0 routine offset 0x6746
4,0x09D4,seg04_Dark_09D4,jump-table export 242; CODE 0 routine offset 0x09D0
4,0x0A00,seg04_Dark_0A00,jump-table export 243; CODE 0 routine offset 0x09FC
4,0x0DB4,seg04_Dark_0DB4,jump-table export 244; CODE 0 routine offset 0x0DB0
4,0x0D82,seg04_Dark_0D82,jump-table export 245; CODE 0 routine offset 0x0D7E
5,0x1BBE,seg05_Dark2_1BBE,jump-table export 246; CODE 0 routine offset 0x1BBA
5,0x2696,seg05_Dark2_2696,jump-table export 247; CODE 0 routine offset 0x2692
5,0x442C,seg05_Dark2_442C,jump-table export 248; CODE 0 routine offset 0x4428
5,0x555C,seg05_Dark2_555C,jump-table export 249; CODE 0 routine offset 0x5558
5,0x5756,seg05_Dark2_5756,jump-table export 250; CODE 0 routine offset 0x5752
5,0x581A,seg05_Dark2_581A,jump-table export 251; CODE 0 routine offset 0x5816
5,0x5AA8,seg05_Dark2_5AA8,jump-table export 252; CODE 0 routine offset 0x5AA4
5,0x5CB8,seg05_Dark2_5CB8,jump-table export 253; CODE 0 routine offset 0x5CB4
5,0x5D30,seg05_Dark2_5D30,jump-table export 254; CODE 0 routine offset 0x5D2C
5,0x5F22,seg05_Dark2_5F22,jump-table export 255; CODE 0 routine offset 0x5F1E
5,0x5FD2,seg05_Dark2_5FD2,jump-table export 256; CODE 0 routine offset 0x5FCE
5,0x6164,seg05_Dark2_6164,jump-table export 257; CODE 0 routine offset 0x6160
5,0x0004,seg05_Dark2_0004,jump-table export 258; CODE 0 routine offset 0x0000
5,0x018A,seg05_Dark2_018A,jump-table export 259; CODE 0 routine offset 0x0186
5,0x044A,seg05_Dark2_044A,jump-table export 260; CODE 0 routine offset 0x0446
5,0x04CE,seg05_Dark2_04CE,jump-table export 261; CODE 0 routine offset 0x04CA
5,0x05B6,seg05_Dark2_05B6,jump-table export 262; CODE 0 routine offset 0x05B2
5,0x0760,seg05_Dark2_0760,jump-table export 263; CODE 0 routine offset 0x075C
5,0x0A84,seg05_Dark2_0A84,jump-table export 264; CODE 0 routine offset 0x0A80
5,0x1636,seg05_Dark2_1636,jump-table export 265; CODE 0 routine offset 0x1632
6,0x0426,seg06_Dark3_0426,jump-table export 266; CODE 0 routine offset 0x0422
6,0x0488,seg06_Dark3_0488,jump-table export 267; CODE 0 routine offset 0x0484
6,0x04DC,seg06_Dark3_04DC,jump-table export 268; CODE 0 routine offset 0x04D8
6,0x0580,seg06_Dark3_0580,jump-table export 269; CODE 0 routine offset 0x057C
6,0x05BA,seg06_Dark3_05BA,jump-table export 270; CODE 0 routine offset 0x05B6
6,0x05DA,seg06_Dark3_05DA,jump-table export 271; CODE 0 routine offset 0x05D6
6,0x05FE,seg06_Dark3_05FE,jump-table export 272; CODE 0 routine offset 0x05FA
6,0x0762,seg06_Dark3_0762,jump-table export 273; CODE 0 routine offset 0x075E
6,0x0840,seg06_Dark3_0840,jump-table export 274; CODE 0 routine offset 0x083C
6,0x086E,seg06_Dark3_086E,jump-table export 275; CODE 0 routine offset 0x086A
6,0x08BC,seg06_Dark3_08BC,jump-table export 276; CODE 0 routine offset 0x08B8
6,0x0938,seg06_Dark3_0938,jump-table export 277; CODE 0 routine offset 0x0934
6,0x0A8A,seg06_Dark3_0A8A,jump-table export 278; CODE 0 routine offset 0x0A86
6,0x0BCA,seg06_Dark3_0BCA,jump-table export 279; CODE 0 routine offset 0x0BC6
6,0x0C20,seg06_Dark3_0C20,jump-table export 280; CODE 0 routine offset 0x0C1C
6,0x0CD0,seg06_Dark3_0CD0,jump-table export 281; CODE 0 routine offset 0x0CCC
6,0x1162,seg06_Dark3_1162,jump-table export 282; CODE 0 routine offset 0x115E
6,0x14FA,seg06_Dark3_14FA,jump-table export 283; CODE 0 routine offset 0x14F6
6,0x18D0,seg06_Dark3_18D0,jump-table export 284; CODE 0 routine offset 0x18CC
6,0x1940,seg06_Dark3_1940,jump-table export 285; CODE 0 routine offset 0x193C
6,0x1A14,seg06_Dark3_1A14,jump-table export 286; CODE 0 routine offset 0x1A10
6,0x19E4,seg06_Dark3_19E4,jump-table export 287; CODE 0 routine offset 0x19E0
6,0x1B56,seg06_Dark3_1B56,jump-table export 288; CODE 0 routine offset 0x1B52
6,0x1BB2,seg06_Dark3_1BB2,jump-table export 289; CODE 0 routine offset 0x1BAE
6,0x1CCE,seg06_Dark3_1CCE,jump-table export 290; CODE 0 routine offset 0x1CCA
6,0x1D50,seg06_Dark3_1D50,jump-table export 291; CODE 0 routine offset 0x1D4C
6,0x1FA8,seg06_Dark3_1FA8,jump-table export 292; CODE 0 routine offset 0x1FA4
6,0x2088,seg06_Dark3_2088,jump-table export 293; CODE 0 routine offset 0x2084
6,0x210C,seg06_Dark3_210C,jump-table export 294; CODE 0 routine offset 0x2108
6,0x2174,seg06_Dark3_2174,jump-table export 295; CODE 0 routine offset 0x2170
6,0x21DC,seg06_Dark3_21DC,jump-table export 296; CODE 0 routine offset 0x21D8
6,0x21DC,seg06_Dark3_21DC,jump-table export 297; CODE 0 routine offset 0x21D8
6,0x22A2,seg06_Dark3_22A2,jump-table export 298; CODE 0 routine offset 0x229E
6,0x22A6,seg06_Dark3_22A6,jump-table export 299; CODE 0 routine offset 0x22A2
6,0x22AA,seg06_Dark3_22AA,jump-table export 300; CODE 0 routine offset 0x22A6
6,0x22AA,seg06_Dark3_22AA,jump-table export 301; CODE 0 routine offset 0x22A6
6,0x23F0,seg06_Dark3_23F0,jump-table export 302; CODE 0 routine offset 0x23EC
6,0x2412,seg06_Dark3_2412,jump-table export 303; CODE 0 routine offset 0x240E
6,0x2478,seg06_Dark3_2478,jump-table export 304; CODE 0 routine offset 0x2474
6,0x2568,seg06_Dark3_2568,jump-table export 305; CODE 0 routine offset 0x2564
6,0x257C,seg06_Dark3_257C,jump-table export 306; CODE 0 routine offset 0x2578
6,0x25A8,seg06_Dark3_25A8,jump-table export 307; CODE 0 routine offset 0x25A4
6,0x25D6,seg06_Dark3_25D6,jump-table export 308; CODE 0 routine offset 0x25D2
6,0x4212,seg06_Dark3_4212,jump-table export 309; CODE 0 routine offset 0x420E
6,0x43EA,seg06_Dark3_43EA,jump-table export 310; CODE 0 routine offset 0x43E6
6,0x4402,seg06_Dark3_4402,jump-table export 311; CODE 0 routine offset 0x43FE
6,0x0004,seg06_Dark3_0004,jump-table export 312; CODE 0 routine offset 0x0000
6,0x0082,seg06_Dark3_0082,jump-table export 313; CODE 0 routine offset 0x007E
6,0x0090,seg06_Dark3_0090,jump-table export 314; CODE 0 routine offset 0x008C
6,0x0150,seg06_Dark3_0150,jump-table export 315; CODE 0 routine offset 0x014C
6,0x03C2,seg06_Dark3_03C2,jump-table export 316; CODE 0 routine offset 0x03BE
7,0x0236,seg07_Engine_0236,jump-table export 317; CODE 0 routine offset 0x0232
7,0x023E,seg07_Engine_023E,jump-table export 318; CODE 0 routine offset 0x023A
7,0x0252,seg07_Engine_0252,jump-table export 319; CODE 0 routine offset 0x024E
7,0x02C0,seg07_Engine_02C0,jump-table export 320; CODE 0 routine offset 0x02BC
7,0x030C,seg07_Engine_030C,jump-table export 321; CODE 0 routine offset 0x0308
7,0x009C,seg07_Engine_009C,jump-table export 322; CODE 0 routine offset 0x0098
7,0x07D6,seg07_Engine_07D6,jump-table export 323; CODE 0 routine offset 0x07D2
7,0x07FC,seg07_Engine_07FC,jump-table export 324; CODE 0 routine offset 0x07F8
7,0x0828,seg07_Engine_0828,jump-table export 325; CODE 0 routine offset 0x0824
7,0x0846,seg07_Engine_0846,jump-table export 326; CODE 0 routine offset 0x0842
7,0x0A26,seg07_Engine_0A26,jump-table export 327; CODE 0 routine offset 0x0A22
7,0x0B48,seg07_Engine_0B48,jump-table export 328; CODE 0 routine offset 0x0B44
7,0x0B5E,seg07_Engine_0B5E,jump-table export 329; CODE 0 routine offset 0x0B5A
7,0x0B74,seg07_Engine_0B74,jump-table export 330; CODE 0 routine offset 0x0B70
7,0x0B84,seg07_Engine_0B84,jump-table export 331; CODE 0 routine offset 0x0B80
7,0x0B94,seg07_Engine_0B94,jump-table export 332; CODE 0 routine offset 0x0B90
7,0x1000,seg07_Engine_1000,jump-table export 333; CODE 0 routine offset 0x0FFC
7,0x12A4,seg07_Engine_12A4,jump-table export 334; CODE 0 routine offset 0x12A0
7,0x13D0,seg07_Engine_13D0,jump-table export 335; CODE 0 routine offset 0x13CC
7,0x1F6A,seg07_Engine_1F6A,jump-table export 336; CODE 0 routine offset 0x1F66
7,0x23E0,seg07_Engine_23E0,jump-table export 337; CODE 0 routine offset 0x23DC
7,0x0430,seg07_Engine_0430,jump-table export 338; CODE 0 routine offset 0x042C
7,0x0D3A,seg07_Engine_0D3A,jump-table export 339; CODE 0 routine offset 0x0D36
7,0x04EA,seg07_Engine_04EA,jump-table export 340; CODE 0 routine offset 0x04E6
7,0x04F8,seg07_Engine_04F8,jump-table export 341; CODE 0 routine offset 0x04F4
7,0x0522,seg07_Engine_0522,jump-table export 342; CODE 0 routine offset 0x051E
7,0x0626,seg07_Engine_0626,jump-table export 343; CODE 0 routine offset 0x0622
7,0x26E8,seg07_Engine_26E8,jump-table export 344; CODE 0 routine offset 0x26E4
7,0x26FE,seg07_Engine_26FE,jump-table export 345; CODE 0 routine offset 0x26FA
7,0x2950,seg07_Engine_2950,jump-table export 346; CODE 0 routine offset 0x294C
7,0x2978,seg07_Engine_2978,jump-table export 347; CODE 0 routine offset 0x2974
7,0x2990,seg07_Engine_2990,jump-table export 348; CODE 0 routine offset 0x298C
7,0x29C2,seg07_Engine_29C2,jump-table export 349; CODE 0 routine offset 0x29BE
7,0x29DE,seg07_Engine_29DE,jump-table export 350; CODE 0 routine offset 0x29DA
7,0x2A0E,seg07_Engine_2A0E,jump-table export 351; CODE 0 routine offset 0x2A0A
7,0x2A48,seg07_Engine_2A48,jump-table export 352; CODE 0 routine offset 0x2A44
7,0x2AF8,seg07_Engine_2AF8,jump-table export 353; CODE 0 routine offset 0x2AF4
7,0x2B50,seg07_Engine_2B50,jump-table export 354; CODE 0 routine offset 0x2B4C
7,0x2C2A,seg07_Engine_2C2A,jump-table export 355; CODE 0 routine offset 0x2C26
7,0x345E,seg07_Engine_345E,jump-table export 356; CODE 0 routine offset 0x345A
7,0x3824,seg07_Engine_3824,jump-table export 357; CODE 0 routine offset 0x3820
7,0x3962,seg07_Engine_3962,jump-table export 358; CODE 0 routine offset 0x395E
7,0x3ABE,seg07_Engine_3ABE,jump-table export 359; CODE 0 routine offset 0x3ABA
7,0x31BC,seg07_Engine_31BC,jump-table export 360; CODE 0 routine offset 0x31B8
7,0x3B7A,seg07_Engine_3B7A,jump-table export 361; CODE 0 routine offset 0x3B76
7,0x3C92,seg07_Engine_3C92,jump-table export 362; CODE 0 routine offset 0x3C8E
7,0x3E8E,seg07_Engine_3E8E,jump-table export 363; CODE 0 routine offset 0x3E8A
7,0x3EC2,seg07_Engine_3EC2,jump-table export 364; CODE 0 routine offset 0x3EBE
7,0x3F0E,seg07_Engine_3F0E,jump-table export 365; CODE 0 routine offset 0x3F0A
7,0x3F3E,seg07_Engine_3F3E,jump-table export 366; CODE 0 routine offset 0x3F3A
7,0x3F7A,seg07_Engine_3F7A,jump-table export 367; CODE 0 routine offset 0x3F76
7,0x3FCA,seg07_Engine_3FCA,jump-table export 368; CODE 0 routine offset 0x3FC6
7,0x4266,seg07_Engine_4266,jump-table export 369; CODE 0 routine offset 0x4262
7,0x4A1E,seg07_Engine_4A1E,jump-table export 370; CODE 0 routine offset 0x4A1A
7,0x4E92,seg07_Engine_4E92,jump-table export 371; CODE 0 routine offset 0x4E8E
7,0x4F2C,seg07_Engine_4F2C,jump-table export 372; CODE 0 routine offset 0x4F28
7,0x4F40,seg07_Engine_4F40,jump-table export 373; CODE 0 routine offset 0x4F3C
7,0x4632,seg07_Engine_4632,jump-table export 374; CODE 0 routine offset 0x462E
7,0x4862,seg07_Engine_4862,jump-table export 375; CODE 0 routine offset 0x485E
7,0x0004,seg07_Engine_0004,jump-table export 376; CODE 0 routine offset 0x0000
7,0x0024,seg07_Engine_0024,jump-table export 377; CODE 0 routine offset 0x0020
7,0x0040,seg07_Engine_0040,jump-table export 378; CODE 0 routine offset 0x003C
7,0x0060,seg07_Engine_0060,jump-table export 379; CODE 0 routine offset 0x005C
8,0x04C0,seg08_Gloss_04C0,jump-table export 380; CODE 0 routine offset 0x04BC
8,0x0004,seg08_Gloss_0004,jump-table export 381; CODE 0 routine offset 0x0000
8,0x005C,seg08_Gloss_005C,jump-table export 382; CODE 0 routine offset 0x0058
8,0x01C4,seg08_Gloss_01C4,jump-table export 383; CODE 0 routine offset 0x01C0
8,0x0400,seg08_Gloss_0400,jump-table export 384; CODE 0 routine offset 0x03FC
8,0x0498,seg08_Gloss_0498,jump-table export 385; CODE 0 routine offset 0x0494
8,0x0696,seg08_Gloss_0696,jump-table export 386; CODE 0 routine offset 0x0692
8,0x06D2,seg08_Gloss_06D2,jump-table export 387; CODE 0 routine offset 0x06CE
8,0x0804,seg08_Gloss_0804,jump-table export 388; CODE 0 routine offset 0x0800
8,0x08BC,seg08_Gloss_08BC,jump-table export 389; CODE 0 routine offset 0x08B8
8,0x0922,seg08_Gloss_0922,jump-table export 390; CODE 0 routine offset 0x091E
9,0x0048,seg09_Misc1_0048,jump-table export 391; CODE 0 routine offset 0x0044
9,0x0094,seg09_Misc1_0094,jump-table export 392; CODE 0 routine offset 0x0090
9,0x00A4,seg09_Misc1_00A4,jump-table export 393; CODE 0 routine offset 0x00A0
9,0x0142,seg09_Misc1_0142,jump-table export 394; CODE 0 routine offset 0x013E
9,0x0162,seg09_Misc1_0162,jump-table export 395; CODE 0 routine offset 0x015E
9,0x01A0,seg09_Misc1_01A0,jump-table export 396; CODE 0 routine offset 0x019C
9,0x027C,seg09_Misc1_027C,jump-table export 397; CODE 0 routine offset 0x0278
9,0x0316,seg09_Misc1_0316,jump-table export 398; CODE 0 routine offset 0x0312
9,0x040C,seg09_Misc1_040C,jump-table export 399; CODE 0 routine offset 0x0408
9,0x05A0,seg09_Misc1_05A0,jump-table export 400; CODE 0 routine offset 0x059C
9,0x067C,seg09_Misc1_067C,jump-table export 401; CODE 0 routine offset 0x0678
9,0x069E,seg09_Misc1_069E,jump-table export 402; CODE 0 routine offset 0x069A
9,0x0744,seg09_Misc1_0744,jump-table export 403; CODE 0 routine offset 0x0740
9,0x09E8,seg09_Misc1_09E8,jump-table export 404; CODE 0 routine offset 0x09E4
9,0x0D3A,seg09_Misc1_0D3A,jump-table export 405; CODE 0 routine offset 0x0D36
9,0x0D7A,seg09_Misc1_0D7A,jump-table export 406; CODE 0 routine offset 0x0D76
9,0x0DD8,seg09_Misc1_0DD8,jump-table export 407; CODE 0 routine offset 0x0DD4
9,0x0DEE,seg09_Misc1_0DEE,jump-table export 408; CODE 0 routine offset 0x0DEA
9,0x0EE8,seg09_Misc1_0EE8,jump-table export 409; CODE 0 routine offset 0x0EE4
9,0x0EF8,seg09_Misc1_0EF8,jump-table export 410; CODE 0 routine offset 0x0EF4
9,0x0F1C,seg09_Misc1_0F1C,jump-table export 411; CODE 0 routine offset 0x0F18
9,0x0F3E,seg09_Misc1_0F3E,jump-table export 412; CODE 0 routine offset 0x0F3A
9,0x0F4E,seg09_Misc1_0F4E,jump-table export 413; CODE 0 routine offset 0x0F4A
9,0x0F74,seg09_Misc1_0F74,jump-table export 414; CODE 0 routine offset 0x0F70
9,0x0F94,seg09_Misc1_0F94,jump-table export 415; CODE 0 routine offset 0x0F90
9,0x0FB4,seg09_Misc1_0FB4,jump-table export 416; CODE 0 routine offset 0x0FB0
9,0x0FCE,seg09_Misc1_0FCE,jump-table export 417; CODE 0 routine offset 0x0FCA
9,0x0FE4,seg09_Misc1_0FE4,jump-table export 418; CODE 0 routine offset 0x0FE0
9,0x0FFC,seg09_Misc1_0FFC,jump-table export 419; CODE 0 routine offset 0x0FF8
9,0x0C8E,seg09_Misc1_0C8E,jump-table export 420; CODE 0 routine offset 0x0C8A
9,0x0CD6,seg09_Misc1_0CD6,jump-table export 421; CODE 0 routine offset 0x0CD2
9,0x1020,seg09_Misc1_1020,jump-table export 422; CODE 0 routine offset 0x101C
9,0x1042,seg09_Misc1_1042,jump-table export 423; CODE 0 routine offset 0x103E
9,0x1062,seg09_Misc1_1062,jump-table export 424; CODE 0 routine offset 0x105E
9,0x1114,seg09_Misc1_1114,jump-table export 425; CODE 0 routine offset 0x1110
9,0x1168,seg09_Misc1_1168,jump-table export 426; CODE 0 routine offset 0x1164
9,0x1184,seg09_Misc1_1184,jump-table export 427; CODE 0 routine offset 0x1180
9,0x119C,seg09_Misc1_119C,jump-table export 428; CODE 0 routine offset 0x1198
9,0x11B4,seg09_Misc1_11B4,jump-table export 429; CODE 0 routine offset 0x11B0
9,0x1210,seg09_Misc1_1210,jump-table export 430; CODE 0 routine offset 0x120C
9,0x1220,seg09_Misc1_1220,jump-table export 431; CODE 0 routine offset 0x121C
9,0x1238,seg09_Misc1_1238,jump-table export 432; CODE 0 routine offset 0x1234
9,0x1250,seg09_Misc1_1250,jump-table export 433; CODE 0 routine offset 0x124C
9,0x12AC,seg09_Misc1_12AC,jump-table export 434; CODE 0 routine offset 0x12A8
9,0x0004,seg09_Misc1_0004,jump-table export 435; CODE 0 routine offset 0x0000
10,0x06F0,seg10_Misc2_06F0,jump-table export 436; CODE 0 routine offset 0x06EC
10,0x074A,seg10_Misc2_074A,jump-table export 437; CODE 0 routine offset 0x0746
10,0x03D8,seg10_Misc2_03D8,jump-table export 438; CODE 0 routine offset 0x03D4
10,0x0420,seg10_Misc2_0420,jump-table export 439; CODE 0 routine offset 0x041C
10,0x0518,seg10_Misc2_0518,jump-table export 440; CODE 0 routine offset 0x0514
10,0x08E8,seg10_Misc2_08E8,jump-table export 441; CODE 0 routine offset 0x08E4
10,0x0924,seg10_Misc2_0924,jump-table export 442; CODE 0 routine offset 0x0920
10,0x1D42,seg10_Misc2_1D42,jump-table export 443; CODE 0 routine offset 0x1D3E
10,0x1EE6,seg10_Misc2_1EE6,jump-table export 444; CODE 0 routine offset 0x1EE2
10,0x1FC0,seg10_Misc2_1FC0,jump-table export 445; CODE 0 routine offset 0x1FBC
10,0x15A6,seg10_Misc2_15A6,jump-table export 446; CODE 0 routine offset 0x15A2
10,0x205A,seg10_Misc2_205A,jump-table export 447; CODE 0 routine offset 0x2056
10,0x18E6,seg10_Misc2_18E6,jump-table export 448; CODE 0 routine offset 0x18E2
10,0x2506,seg10_Misc2_2506,jump-table export 449; CODE 0 routine offset 0x2502
10,0x2224,seg10_Misc2_2224,jump-table export 450; CODE 0 routine offset 0x2220
10,0x22AC,seg10_Misc2_22AC,jump-table export 451; CODE 0 routine offset 0x22A8
10,0x23C8,seg10_Misc2_23C8,jump-table export 452; CODE 0 routine offset 0x23C4
10,0x267C,seg10_Misc2_267C,jump-table export 453; CODE 0 routine offset 0x2678
10,0x26E6,seg10_Misc2_26E6,jump-table export 454; CODE 0 routine offset 0x26E2
10,0x27DE,seg10_Misc2_27DE,jump-table export 455; CODE 0 routine offset 0x27DA
10,0x286E,seg10_Misc2_286E,jump-table export 456; CODE 0 routine offset 0x286A
10,0x2BE2,seg10_Misc2_2BE2,jump-table export 457; CODE 0 routine offset 0x2BDE
10,0x28EE,seg10_Misc2_28EE,jump-table export 458; CODE 0 routine offset 0x28EA
10,0x29F2,seg10_Misc2_29F2,jump-table export 459; CODE 0 routine offset 0x29EE
10,0x2AB0,seg10_Misc2_2AB0,jump-table export 460; CODE 0 routine offset 0x2AAC
10,0x2B24,seg10_Misc2_2B24,jump-table export 461; CODE 0 routine offset 0x2B20
10,0x3A7A,seg10_Misc2_3A7A,jump-table export 462; CODE 0 routine offset 0x3A76
10,0x0004,seg10_Misc2_0004,jump-table export 463; CODE 0 routine offset 0x0000
10,0x0120,seg10_Misc2_0120,jump-table export 464; CODE 0 routine offset 0x011C
10,0x027C,seg10_Misc2_027C,jump-table export 465; CODE 0 routine offset 0x0278
10,0x0372,seg10_Misc2_0372,jump-table export 466; CODE 0 routine offset 0x036E
10,0x03B6,seg10_Misc2_03B6,jump-table export 467; CODE 0 routine offset 0x03B2
